Date,Name,Year,Letterboxd URI
2020-11-19,Inception,2010,https://boxd.it/1skk
2020-11-19,The Silence of the Lambs,1991,https://boxd.it/2aHW
2020-11-19,One Flew Over the Cuckoo's Nest,1975,https://boxd.it/2aeA
2020-11-19,The Departed,2006,https://boxd.it/28MA
2020-11-19,Memento,2000,https://boxd.it/2bcK
2020-11-19,12 Angry Men,1957,https://boxd.it/2auI
2020-11-19,"The Good, the Bad and the Ugly",1966,https://boxd.it/2ape
2020-11-19,Spotlight,2015,https://boxd.it/a84k
2020-11-19,Monty Python and the Holy Grail,1975,https://boxd.it/29GI
2020-11-19,Casablanca,1942,https://boxd.it/2aG0
2020-11-19,A Clockwork Orange,1971,https://boxd.it/2aVE
2020-11-19,The Princess Bride,1987,https://boxd.it/26EY
2020-11-19,The Grand Budapest Hotel,2014,https://boxd.it/3ZqO
2020-11-19,Drive,2011,https://boxd.it/IG
2020-11-19,Almost Famous,2000,https://boxd.it/29CQ
2020-11-19,Ex Machina,2014,https://boxd.it/7T2k
2020-11-19,Hunt for the Wilderpeople,2016,https://boxd.it/cTgG
2020-11-19,"O Brother, Where Art Thou?",2000,https://boxd.it/2b3I
2020-11-19,Being John Malkovich,1999,https://boxd.it/2ahu
2020-11-19,What We Do in the Shadows,2014,https://boxd.it/7eQy
2020-11-19,The Graduate,1967,https://boxd.it/18Im
2020-11-19,The Big Sick,2017,https://boxd.it/eHvy
2020-11-19,Rocketman,2019,https://boxd.it/iehK
2020-11-19,Snowpiercer,2013,https://boxd.it/3Icg
2020-11-19,Ferris Bueller's Day Off,1986,https://boxd.it/1YPY
2020-11-19,When Harry Met Sally...,1989,https://boxd.it/29W2
2020-11-19,10 Cloverfield Lane,2016,https://boxd.it/aZiu
2020-11-19,Birdman or (The Unexpected Virtue of Ignorance),2014,https://boxd.it/5RFA
2020-11-19,Ready Player One,2018,https://boxd.it/aZes
2020-11-19,Doctor Sleep,2019,https://boxd.it/i5vI
2020-11-19,Ready or Not,2019,https://boxd.it/kOf0
2020-11-19,Good Time,2017,https://boxd.it/fcFu
2020-11-19,Bowling for Columbine,2002,https://boxd.it/28Ls
2020-11-19,Bridesmaids,2011,https://boxd.it/rac
2020-11-19,American Sniper,2014,https://boxd.it/5LDy
2020-11-19,Primal Fear,1996,https://boxd.it/28ws
2020-11-19,Fruitvale Station,2013,https://boxd.it/4VRy
2020-11-19,Mr. Nobody,2009,https://boxd.it/1k44
2020-11-19,10 Things I Hate About You,1999,https://boxd.it/23AO
2020-11-19,It Chapter Two,2019,https://boxd.it/h10u
2020-11-19,The Life Aquatic with Steve Zissou,2004,https://boxd.it/2aqw
2020-11-19,Embrace of the Serpent,2015,https://boxd.it/baba
2020-11-19,Coming to America,1988,https://boxd.it/1Ygu
2020-11-19,Enemy,2013,https://boxd.it/5xtO
2020-11-19,Pick of the Litter,2018,https://boxd.it/ib6E
2020-11-19,Guava Island,2019,https://boxd.it/jOF6
2020-11-19,The Sunshine Makers,2015,https://boxd.it/fpFW
2020-11-19,American Murder: The Family Next Door,2020,https://boxd.it/rUk0
2020-11-19,The Men Who Stare at Goats,2009,https://boxd.it/1Wza
2020-11-19,Clouds,2020,https://boxd.it/nmI0
2020-11-19,Goat,2016,https://boxd.it/bdEk
2020-11-19,GoodFellas,1990,https://boxd.it/29FA
2020-11-19,Casino,1995,https://boxd.it/2ads
2020-11-19,Lost in Translation,2003,https://boxd.it/2b0E
2020-11-19,Schindler's List,1993,https://boxd.it/2aq2
2020-11-19,Apocalypse Now,1979,https://boxd.it/6ZS
2020-11-19,Dallas Buyers Club,2013,https://boxd.it/4O8G
2020-11-19,Ratatouille,2007,https://boxd.it/27ww
2020-11-20,Extra Ordinary,2019,https://boxd.it/jBwU
2020-11-20,Adaptation.,2002,https://boxd.it/26mA
2020-11-20,Paddington,2014,https://boxd.it/3RKw
2020-11-21,Back to the Future,1985,https://boxd.it/2b8e
2020-11-21,Back to the Future Part II,1989,https://boxd.it/2aYI
2020-11-21,Back to the Future Part III,1990,https://boxd.it/2aTS
2020-11-24,Blade Runner 2049,2017,https://boxd.it/b8wK
2020-11-24,The Dark Knight,2008,https://boxd.it/2b0k
2020-11-24,The Inventor: Out for Blood in Silicon Valley,2019,https://boxd.it/kLa2
2020-11-27,Inside Out,2015,https://boxd.it/4KHC
2020-11-27,Coco,2017,https://boxd.it/bYJQ
2020-12-03,AlphaGo,2017,https://boxd.it/geTA
2020-12-04,Get Smart,2008,https://boxd.it/1Tig
2020-12-05,World War Z,2013,https://boxd.it/2p2E
2020-12-05,Field of Dreams,1989,https://boxd.it/26VK
2020-12-05,Notting Hill,1999,https://boxd.it/2aeK
2020-12-05,The Town,2010,https://boxd.it/1zyS
2020-12-12,The Place Beyond the Pines,2012,https://boxd.it/3mDu
2021-01-01,Chappaquiddick,2017,https://boxd.it/fkDc
2021-01-08,Edge of Tomorrow,2014,https://boxd.it/4pD0
2021-01-09,"Standing Up, Falling Down",2019,https://boxd.it/m0SK
2021-01-28,Jacob's Ladder,1990,https://boxd.it/270g
2021-01-28,Super Dark Times,2017,https://boxd.it/dTle
2021-01-30,What Happened to Monday,2017,https://boxd.it/ejUu
2021-01-31,Prisoners,2013,https://boxd.it/4E5i
2021-02-06,Kingsman: The Golden Circle,2017,https://boxd.it/buJm
2021-02-07,Creep,2014,https://boxd.it/7l4c
2021-02-07,Sherlock Holmes,2009,https://boxd.it/1W2A
2021-02-09,Memories of Murder,2003,https://boxd.it/1TSo
2021-02-12,Money Monster,2016,https://boxd.it/9GCS
2021-02-17,Judas and the Black Messiah,2021,https://boxd.it/lsew
2021-02-17,The Perfect Host,2010,https://boxd.it/8QI
2021-02-17,The Endless,2017,https://boxd.it/ffyw
2021-02-17,The Ringmaster,2019,https://boxd.it/nmrI
2021-04-13,Q: Into the Storm,2021,https://boxd.it/usBI
2021-04-22,About Time,2013,https://boxd.it/43bI
2021-05-02,Seven Psychopaths,2012,https://boxd.it/34PW
2021-05-10,The Mitchells vs. The Machines,2021,https://boxd.it/i7xm
2021-05-21,Taxi Driver,1976,https://boxd.it/2b8y
2021-05-28,Trading Places,1983,https://boxd.it/28sK
2021-05-28,Wall Street,1987,https://boxd.it/1VFG
2021-05-28,A Few Good Men,1992,https://boxd.it/29nw
2021-06-17,21,2008,https://boxd.it/20BO
2021-06-18,"Paris, Texas",1984,https://boxd.it/29Ts
2021-06-18,Point Break,1991,https://boxd.it/2958
2021-06-23,Don't Tell a Soul,2020,https://boxd.it/l0vE
2021-06-23,The Night Stalker,2016,https://boxd.it/bAJ8
2021-07-04,Gattaca,1997,https://boxd.it/29Du
2021-07-11,No Sudden Move,2021,https://boxd.it/o7WS
2021-07-12,The Game,1997,https://boxd.it/26vC
2021-07-12,Office Space,1999,https://boxd.it/28Em
2021-07-12,The Emperor's New Groove,2000,https://boxd.it/1Tey
2021-07-15,Bad Genius,2017,https://boxd.it/ggpM
2021-07-19,L.A. Confidential,1997,https://boxd.it/27oC
2021-07-19,The Looming Tower,2018,https://boxd.it/j0dc
2021-07-20,Vivarium,2019,https://boxd.it/gmVE
2021-07-20,Roadrunner: A Film About Anthony Bourdain,2021,https://boxd.it/nRb2
2021-07-22,BlacKkKlansman,2018,https://boxd.it/hxL8
2021-07-27,Jiro Dreams of Sushi,2011,https://boxd.it/2ONU
2021-08-07,The World's End,2013,https://boxd.it/3EiO
2021-08-07,Toy Story 4,2019,https://boxd.it/9ALu
2021-08-07,Takers,2010,https://boxd.it/1zTQ
2021-08-10,The Hurt Locker,2008,https://boxd.it/1Soi
2021-08-10,Billy Madison,1995,https://boxd.it/1UQI
2021-08-12,Spree,2020,https://boxd.it/oiiO
2021-08-12,Game Night,2018,https://boxd.it/fRtu
2021-08-13,Evolution,2001,https://boxd.it/1YMK
2021-08-15,Magnolia,1999,https://boxd.it/2aze
2021-08-15,The Florida Project,2017,https://boxd.it/dMG0
2021-08-21,The Last Black Man in San Francisco,2019,https://boxd.it/iWAw
2021-08-23,The Prestige,2006,https://boxd.it/293w
2021-08-23,Incendies,2010,https://boxd.it/Msm
2021-08-23,Mystic River,2003,https://boxd.it/2aAG
2021-08-23,City of God,2002,https://boxd.it/2a2a
2021-08-23,Pan's Labyrinth,2006,https://boxd.it/28No
2021-08-23,The Curious Case of Benjamin Button,2008,https://boxd.it/23Fk
2021-08-23,The Machinist,2004,https://boxd.it/248c
2021-08-23,The Mist,2007,https://boxd.it/22r2
2021-08-23,Timecrimes,2007,https://boxd.it/1OGM
2021-08-23,Atonement,2007,https://boxd.it/24ui
2021-08-23,Gone Baby Gone,2007,https://boxd.it/23R6
2021-08-23,Minority Report,2002,https://boxd.it/2aWi
2021-08-23,Requiem for a Dream,2000,https://boxd.it/29VI
2021-08-23,Brick,2005,https://boxd.it/1Z6A
2021-08-23,28 Days Later,2002,https://boxd.it/2aXU
2021-08-23,The Others,2001,https://boxd.it/27Po
2021-08-23,The Fountain,2006,https://boxd.it/28RU
2021-08-23,Frequency,2000,https://boxd.it/1VXA
2021-08-23,The Village,2004,https://boxd.it/21iS
2021-08-23,Signs,2002,https://boxd.it/26t2
2021-08-23,Saw,2004,https://boxd.it/2aWW
2021-08-23,Phone Booth,2002,https://boxd.it/285G
2021-08-23,Frailty,2001,https://boxd.it/1Sqe
2021-08-23,Enter the Void,2009,https://boxd.it/1dy2
2021-08-23,V for Vendetta,2005,https://boxd.it/29Ik
2021-08-23,Vanilla Sky,2001,https://boxd.it/27TK
2021-08-23,Spirited Away,2001,https://boxd.it/2b4m
2021-08-26,American Beauty,1999,https://boxd.it/71Y
2021-09-15,Guardians of the Galaxy,2014,https://boxd.it/3VH2
2021-09-17,Stop Making Sense,1984,https://boxd.it/1ygo
2021-09-25,Funny Games,1997,https://boxd.it/1WKM
2021-10-03,The Host,2006,https://boxd.it/28ZY
2021-10-03,A Taxi Driver,2017,https://boxd.it/fwac
2021-10-06,Rounders,1998,https://boxd.it/1WMS
2021-10-18,Robin Williams: Come Inside My Mind,2018,https://boxd.it/hLSi
2021-10-27,The Art of Flight,2011,https://boxd.it/2dgO
2021-11-06,Walk the Line,2005,https://boxd.it/2bdS
2021-11-11,Boiler Room,2000,https://boxd.it/1OBi
2021-11-27,Thief,1981,https://boxd.it/1TEc
2021-12-26,American Gangster,2007,https://boxd.it/23wi
2022-01-10,"Jeff, Who Lives at Home",2011,https://boxd.it/2TjU
2022-03-20,Attica,2021,https://boxd.it/wp0o
2022-04-03,CODA,2021,https://boxd.it/tbf4
2022-05-22,Men in Black,1997,https://boxd.it/2a0I
2022-05-22,Men in Black II,2002,https://boxd.it/2a0y
2022-05-23,Chip 'n Dale: Rescue Rangers,2022,https://boxd.it/eSk2
2022-05-28,Vice,2018,https://boxd.it/fcFY
2022-06-02,Jerry & Marge Go Large,2022,https://boxd.it/vPf8
2022-07-26,The Talented Mr. Ripley,1999,https://boxd.it/2924
2022-07-26,The Black Phone,2021,https://boxd.it/sqFE
2022-08-03,The Terminator,1984,https://boxd.it/2aQY
2022-08-03,Terminator 2: Judgment Day,1991,https://boxd.it/2aGY
2022-08-04,Red Eye,2005,https://boxd.it/1TNy
2022-10-14,Harold and Maude,1971,https://boxd.it/2axM
2022-10-30,Jurassic Park,1993,https://boxd.it/2aA2
2022-10-30,WALL·E,2008,https://boxd.it/1VEo
2022-11-01,The End of the Tour,2015,https://boxd.it/7jIE
2022-11-08,The Blues Brothers,1980,https://boxd.it/2adi
2022-11-25,Plane,2023,https://boxd.it/o0lq
2022-11-30,Breakfast at Tiffany's,1961,https://boxd.it/2aYS
2022-12-03,"Jeanne Dielman, 23, quai du Commerce, 1080 Bruxelles",1975,https://boxd.it/T18
2022-12-03,First Reformed,2017,https://boxd.it/go9C
2022-12-08,Asteroid City,2023,https://boxd.it/s3ds
2022-12-09,Lord of War,2005,https://boxd.it/284y
2022-12-09,Malignant,2021,https://boxd.it/mViE
2022-12-15,School Ties,1992,https://boxd.it/1NAe
2022-12-15,Man on the Moon,1999,https://boxd.it/281k
2022-12-15,Jim & Andy: The Great Beyond,2017,https://boxd.it/gO36
2022-12-15,Exit Through the Gift Shop,2010,https://boxd.it/13E0
2022-12-15,Inside,2023,https://boxd.it/AagY
2022-12-15,Lords of Dogtown,2005,https://boxd.it/1XOg
2022-12-15,The Hateful Eight,2015,https://boxd.it/8gw8
2022-12-15,Paint,2023,https://boxd.it/uYp0
2022-12-15,Indiana Jones and the Dial of Destiny,2023,https://boxd.it/b8vM
2022-12-20,Paddington 2,2017,https://boxd.it/bCF8
2022-12-21,The Tree of Life,2011,https://boxd.it/1Zu8
2022-12-21,Eyes Wide Shut,1999,https://boxd.it/2axs
2022-12-27,Sorcerer,1977,https://boxd.it/14J6
2023-01-01,Under the Silver Lake,2018,https://boxd.it/dSAs
2023-01-02,My Own Private Idaho,1991,https://boxd.it/2ak4
2023-01-02,Drugstore Cowboy,1989,https://boxd.it/2aj6
2023-01-02,Strange Days,1995,https://boxd.it/2aGO
2023-01-03,High Life,2018,https://boxd.it/d6bk
2023-01-06,The Gift,2015,https://boxd.it/aJMy
2023-01-09,Juno,2007,https://boxd.it/210a
2023-01-09,Platoon,1986,https://boxd.it/29BS
2023-01-12,Ford v Ferrari,2019,https://boxd.it/ce74
2023-01-13,Wonka,2023,https://boxd.it/tCQm
2023-01-13,Cocaine Bear,2023,https://boxd.it/ugw2
2023-01-13,Fear and Loathing in Las Vegas,1998,https://boxd.it/27Xs
2023-01-13,Vertigo,1958,https://boxd.it/2apI
2023-01-13,Trainspotting,1996,https://boxd.it/29XY
2023-01-13,A Beautiful Mind,2001,https://boxd.it/2amk
2023-01-14,Manchester by the Sea,2016,https://boxd.it/b2L0
2023-01-15,Kontroll,2003,https://boxd.it/23dK
2023-01-16,Moonage Daydream,2022,https://boxd.it/A8Co
2023-01-16,A Matter of Life and Death,1946,https://boxd.it/1q6K
2023-01-23,Freddy Got Fingered,2001,https://boxd.it/1QGk
2023-01-23,Once,2007,https://boxd.it/22GG
2023-01-23,What Dreams May Come,1998,https://boxd.it/1SoM
2023-01-23,Life Is Beautiful,1997,https://boxd.it/29Wm
2023-01-23,The Assassination of Jesse James by the Coward Robert Ford,2007,https://boxd.it/24dG
2023-01-23,There Will Be Blood,2007,https://boxd.it/20Z2
2023-01-23,Punch-Drunk Love,2002,https://boxd.it/20E4
2023-01-25,Megalopolis,,https://boxd.it/lPBS
2023-01-25,Wildcat,2022,https://boxd.it/Cxf4
2023-01-27,Kill Your Darlings,2013,https://boxd.it/4VRS
2023-01-28,Blue Velvet,1986,https://boxd.it/29BI
2023-01-29,From the Earth to the Moon,1998,https://boxd.it/1k8A
2023-01-29,The Lobster,2015,https://boxd.it/7tnw
2023-01-30,Kung Fu Hustle,2004,https://boxd.it/1YBi
2023-01-30,Shaolin Soccer,2001,https://boxd.it/1T86
2023-01-31,My Octopus Teacher,2020,https://boxd.it/prk2
2023-02-03,The Killer,2023,https://boxd.it/u6WE
2023-02-05,The Mauritanian,2021,https://boxd.it/nWiM
2023-02-06,My Little Loves,1974,https://boxd.it/1Eg
2023-02-09,The Master,2012,https://boxd.it/2cBG
2023-02-13,MacGruber,2010,https://boxd.it/17ay
2023-02-13,Killers of the Flower Moon,2023,https://boxd.it/gHp0
2023-02-20,Manhunter,1986,https://boxd.it/1TOw
2023-02-21,Tucker and Dale vs. Evil,2010,https://boxd.it/Mce
2023-03-01,Cast Away,2000,https://boxd.it/20i8
2023-03-01,Yes Man,2008,https://boxd.it/1WPW
2023-03-01,The Godfather,1972,https://boxd.it/2aNK
2023-03-01,The Godfather: Part II,1974,https://boxd.it/2aNq
2023-03-01,The Godfather: Part III,1990,https://boxd.it/2aN6
2023-03-15,The Peanut Butter Falcon,2019,https://boxd.it/gzu2
2023-03-19,A Fish Called Wanda,1988,https://boxd.it/29YC
2023-03-19,Sneakers,1992,https://boxd.it/26VU
2023-03-20,Super Size Me,2004,https://boxd.it/1YQC
2023-03-20,End of Watch,2012,https://boxd.it/2F5O
2023-03-20,Oldboy,2003,https://boxd.it/29R2
2023-03-20,The Invitation,2015,https://boxd.it/9OUU
2023-03-22,Annihilation,2018,https://boxd.it/9yzm
2023-03-22,American History X,1998,https://boxd.it/2bdo
2023-03-22,General Magic,2018,https://boxd.it/iE1o
2023-03-22,Light & Magic,2022,https://boxd.it/C9RS
2023-03-25,Brigsby Bear,2017,https://boxd.it/ebkS
2023-03-25,No Half Measures: Creating the Final Season of Breaking Bad,2013,https://boxd.it/72Yg
2023-03-26,Raising Arizona,1987,https://boxd.it/2avQ
2023-04-04,Weird: The Al Yankovic Story,2022,https://boxd.it/yYZA
2023-04-07,At Berkeley,2013,https://boxd.it/6iDw
2023-04-11,Network,1976,https://boxd.it/1VqG
2023-04-12,Mr. & Mrs. Smith,2005,https://boxd.it/29CG
2023-04-15,The Naked Gun: From the Files of Police Squad!,1988,https://boxd.it/18YE
2023-04-15,The Naked Gun 2½: The Smell of Fear,1991,https://boxd.it/18Yu
2023-04-15,Naked Gun 33⅓: The Final Insult,1994,https://boxd.it/1afQ
2023-04-18,I'm Still Here,2010,https://boxd.it/TcK
2023-04-20,"Confess, Fletch",2022,https://boxd.it/ra9K
2023-04-20,Fletch,1985,https://boxd.it/1XTU
2023-04-26,Gladiator,2000,https://boxd.it/2b9m
2023-04-26,Blade Runner,1982,https://boxd.it/2bcA
2023-04-28,Pi,1998,https://boxd.it/2ajq
2023-05-02,The Great Beauty,2013,https://boxd.it/5ty6
2023-05-03,Ray,2004,https://boxd.it/28km
2023-05-10,Mysterious Skin,2004,https://boxd.it/1UsG
2023-05-10,Kids,1995,https://boxd.it/1YUY
2023-05-14,Breaking Away,1979,https://boxd.it/1DMO
2023-05-26,Super Troopers,2001,https://boxd.it/12Rs
2023-06-22,The Green Ray,1986,https://boxd.it/t8W
2023-06-26,Little Miss Sunshine,2006,https://boxd.it/29EW
2023-06-26,Beautiful Boy,2018,https://boxd.it/g76Q
2023-06-26,The 40 Year Old Virgin,2005,https://boxd.it/21hK
2023-06-26,Non-Stop,2014,https://boxd.it/6FtO
2023-06-26,Idiocracy,2006,https://boxd.it/20RW
2023-06-27,Inside Job,2010,https://boxd.it/Rsw
2023-06-28,Boiling Point,2021,https://boxd.it/uo2u
2023-07-23,A Whole Lifetime with Jamie Demetriou,2023,https://boxd.it/F5CK
2023-07-24,Sicario,2015,https://boxd.it/8i7u
2023-07-24,Apollo 13,1995,https://boxd.it/2a6G
